{
  "accuracy": 0.6697058672023901,
  "precision": 0.6708662924606975,
  "recall": 0.6697058672023901,
  "f1_score": 0.669992313196993,
  "per_class": {
    "Negative": {
      "precision": 0.657436938242969,
      "recall": 0.6925778863775198,
      "f1_score": 0.6745500520600922,
      "support": 6548
    },
    "Neutral": {
      "precision": 0.6159511125039173,
      "recall": 0.6111629353233831,
      "f1_score": 0.6135476822225691,
      "support": 6432
    },
    "Positive": {
      "precision": 0.7394423609978803,
      "recall": 0.7049588061557593,
      "f1_score": 0.7217889543211842,
      "support": 6433
    }
  }
}