{
  "accuracy": 0.6682120228712718,
  "precision": 0.6700318300498533,
  "recall": 0.6682120228712718,
  "f1_score": 0.6672378725482674,
  "per_class": {
    "Negative": {
      "precision": 0.6341301460823373,
      "recall": 0.7292302993280391,
      "f1_score": 0.6783634038925984,
      "support": 6548
    },
    "Neutral": {
      "precision": 0.6412797774300122,
      "recall": 0.5733830845771144,
      "f1_score": 0.6054338011983912,
      "support": 6432
    },
    "Positive": {
      "precision": 0.7353228962818004,
      "recall": 0.7009171459661122,
      "f1_score": 0.7177079188221249,
      "support": 6433
    }
  }
}