{
  "accuracy": 0.6631638592695617,
  "precision": 0.6666460142143569,
  "recall": 0.6631638592695617,
  "f1_score": 0.6639575699060515,
  "per_class": {
    "Negative": {
      "precision": 0.6764026402640264,
      "recall": 0.62599266951741,
      "f1_score": 0.6502220812182741,
      "support": 6548
    },
    "Neutral": {
      "precision": 0.5952881783761044,
      "recall": 0.659981343283582,
      "f1_score": 0.625967706259677,
      "support": 6432
    },
    "Positive": {
      "precision": 0.7280617164898746,
      "recall": 0.7041815638115965,
      "f1_score": 0.7159225602528645,
      "support": 6433
    }
  }
}