{
  "train_loss": [
    0.9840627870737676,
    0.9073289596407369,
    0.8565149073804861,
    0.8051930246626582,
    0.7553728365757064,
    0.7030834334040723,
    0.6496871969044421,
    0.6023638134975281,
    0.5199040088001284,
    0.487613452942075
  ],
  "train_acc": [
    0.5099643813841217,
    0.5779782755880015,
    0.6122280768891113,
    0.6409437461364105,
    0.6745459362397339,
    0.704571546318919,
    0.7305054311029996,
    0.7552912778546407,
    0.7910129227870831,
    0.8037443701981102
  ],
  "val_loss": [
    0.8996871958263284,
    0.8608264426277756,
    0.8306284302710701,
    0.7930814127137563,
    0.7698564589164819,
    0.7879557840190686,
    0.8358079552331152,
    0.8282405759483358,
    0.9599209676703059,
    0.9271031386503246
  ],
  "val_acc": [
    0.5749459153188421,
    0.5967858246626147,
    0.626455135469249,
    0.6482950448130216,
    0.666838364067168,
    0.6662202534253632,
    0.66961986195529,
    0.666838364067168,
    0.6637478108581436,
    0.660245183887916
  ],
  "learning_rate": [
    0.001,
    0.001,
    0.001,
    0.001,
    0.001,
    0.001,
    0.001,
    0.0005,
    0.0005,
    0.0005
  ]
}