{
  "train_loss": [
    0.9624525814996708,
    0.8707572721142929,
    0.810919064388119,
    0.7558358796494663,
    0.7020988617082392,
    0.644149695725764,
    0.5906852044596979,
    0.5399059652510153,
    0.46672944208846523,
    0.4384880041845209
  ],
  "train_acc": [
    0.5251979629684143,
    0.5969503399958789,
    0.6360866621530129,
    0.6689676488769833,
    0.6976391628153426,
    0.7257955314827352,
    0.75688086897648,
    0.7788260575196491,
    0.8135174119101587,
    0.8245415207088399
  ],
  "val_loss": [
    0.8772283193133475,
    0.8287095666435212,
    0.7885613492186804,
    0.7827368178585721,
    0.7724369714775157,
    0.79418848052604,
    0.8236142136390661,
    0.8402091851744824,
    0.9795957245995704,
    1.0010512799033793
  ],
  "val_acc": [
    0.5879262387967447,
    0.6188317708869888,
    0.6475739157309158,
    0.6594210363655094,
    0.6649840321417534,
    0.6647779952611518,
    0.662923663335737,
    0.6661172349850624,
    0.658596888843103,
    0.659627073246111
  ],
  "learning_rate": [
    0.001,
    0.001,
    0.001,
    0.001,
    0.001,
    0.001,
    0.001,
    0.0005,
    0.0005,
    0.0005
  ]
}