{
  "train_loss": [
    0.987852969282892,
    0.8892460172715577,
    0.8259052031806099,
    0.768284886983309,
    0.7147321089545557,
    0.6645334864493686,
    0.6178745602804127,
    0.5735764850463625,
    0.5050342580565804,
    0.4818722100256259
  ],
  "train_acc": [
    0.5083600718259692,
    0.5900915486738689,
    0.6282417355980101,
    0.6615789938476936,
    0.6936504665744311,
    0.7203349916104913,
    0.744517382473286,
    0.766050454799682,
    0.7984457331253128,
    0.8079538429837214
  ],
  "val_loss": [
    0.928017988452536,
    0.8324682202043943,
    0.8005576769932544,
    0.7716055191593557,
    0.762646060789652,
    0.7939496741882373,
    0.7991104918515092,
    0.8426086813398722,
    0.8931664219535783,
    0.9510547764529477
  ],
  "val_acc": [
    0.5718553621098177,
    0.6216132687751107,
    0.6383022561038426,
    0.6610693314103224,
    0.6685896775522818,
    0.6683836406716802,
    0.6671474193880704,
    0.6623055526939322,
    0.661893478932729,
    0.6578757597609972
  ],
  "learning_rate": [
    0.001,
    0.001,
    0.001,
    0.001,
    0.001,
    0.001,
    0.001,
    0.0005,
    0.0005,
    0.0005
  ]
}